Wavelength (nm),0,30,60,120,240,480,960,1920
190,0.826462,0.789154,0.845214,0.819382,0.837616,0.817718,0.810409,0.829253
191,0.841706,0.830658,0.827407,0.819214,0.802963,0.819534,0.840393,0.862747
192,0.882401,0.873871,0.869048,0.864151,0.868774,0.889389,0.853546,0.866439
193,0.828736,0.853074,0.866409,0.852311,0.844163,0.844178,0.869721,0.856751
194,0.864671,0.887879,0.881439,0.866471,0.857819,0.878052,0.876633,0.893738
195,0.863495,0.877945,0.857879,0.86882,0.86116,0.882126,0.882843,0.87593
196,0.873719,0.90123,0.876877,0.883607,0.877778,0.883927,0.906921,0.898483
197,0.907242,0.944275,0.89125,0.899338,0.915009,0.925552,0.907989,0.879531
198,0.902772,0.901093,0.936935,0.895203,0.891175,0.882645,0.929184,0.897491
199,0.922105,0.911804,0.930053,0.913193,0.92212,0.913513,0.931686,0.915481
200,0.927841,0.949554,0.926955,0.927551,0.927856,0.938324,0.908401,0.953231
201,0.914063,0.962174,0.913177,0.934419,0.963868,0.941849,0.91481,0.955902
202,0.937851,0.949508,0.961242,0.950897,0.951202,0.937881,0.982681,0.929458
203,1.006043,1.004364,1.017761,0.990449,0.990754,0.990769,0.979568,1.020645
204,1.103028,1.129929,1.11618,1.131318,1.117081,1.131638,1.077179,1.091538
205,1.259491,1.290924,1.274825,1.275421,1.267532,1.259521,1.268264,1.245895
206,1.408372,1.455444,1.456237,1.438447,1.438752,1.425491,1.439484,1.427459
207,1.617478,1.615799,1.636444,1.617188,1.617493,1.63736,1.603897,1.619476
208,1.813477,1.83519,1.774261,1.813187,1.791199,1.813507,1.775894,1.793182
209,1.914475,1.991272,1.948257,1.967148,1.992966,1.967468,1.94989,1.927749
210,2.052628,2.089234,2.117538,2.071122,2.052643,2.028702,2.072159,2.07341
211,2.203644,2.18074,2.181533,2.155533,2.136841,2.182449,2.15657,2.205642
212,2.299302,2.297623,2.275497,2.299012,2.299317,2.299332,2.255508,2.278381
213,2.311661,2.380249,2.332839,2.356797,2.357102,2.333755,2.357834,2.335723
214,2.37529,2.43045,2.458221,2.406479,2.406784,2.37532,2.432876,2.377288
215,2.465592,2.438553,2.464706,2.465302,2.440247,2.465622,2.440979,2.46759
216,2.528138,2.526459,2.47377,2.578095,2.500549,2.578415,2.475403,2.54956
217,2.573395,2.602539,2.572509,2.573105,2.604233,2.573425,2.574142,2.575393
218,2.56453,2.59169,2.623306,2.593079,2.593384,2.593399,2.594116,2.595367
219,2.644929,2.612427,2.644043,2.644639,2.585282,2.644959,2.586014,2.616104
220,2.662186,2.660507,2.630477,2.694931,2.695236,2.662216,2.63211,2.664184
221,2.6521,2.714279,2.715072,2.682633,2.763916,2.682953,2.716705,2.654098
222,2.697907,2.729263,2.777999,2.697617,2.697922,2.667114,2.731689,2.699905
223,2.796235,2.713578,2.747406,2.748002,2.684449,2.748322,2.716004,2.75029
224,2.812638,2.810959,2.77536,2.812348,2.812653,2.776276,2.776993,2.733658
225,2.748582,2.827881,2.792282,2.792878,2.829575,2.748612,2.830307,2.75058
226,2.810563,2.808884,2.846069,2.810273,2.776734,2.810593,2.777466,2.812561
227,2.862412,2.824341,2.825134,2.82573,2.792191,2.862442,2.792923,2.86441
228,2.844681,2.879394,2.843795,2.880783,2.881088,2.881103,2.845428,2.812835
229,2.861115,2.895828,2.896621,2.860825,2.897522,2.861145,2.898254,2.829269
230,2.914978,2.913299,2.953429,2.878296,2.878601,2.878616,2.879333,2.916976
231,2.986008,2.930969,2.89537,2.932358,2.896271,2.932678,2.897003,2.988006
232,2.962662,3.001602,2.961776,3.002991,2.962677,2.962692,2.963409,2.927368
233,2.940965,3.017197,2.977371,2.940675,2.978272,2.940995,2.979004,2.942963
234,2.994644,2.992965,2.993758,2.994354,2.957367,2.994674,2.958099,2.996642
235,3.052658,3.01036,2.973861,3.052368,3.012054,3.052688,2.975494,2.976745
236,3.026429,3.065369,3.066162,3.066758,3.067063,3.067078,3.067795,3.028427
237,3.003999,3.080231,3.081024,3.003709,3.041306,3.041321,3.042038,3.043289
238,3.019486,3.017807,3.0186,3.019196,3.019501,3.019516,3.020233,3.058776
239,2.999635,2.965683,2.998749,2.999345,2.967377,3.034333,2.968109,3.001633
240,2.870835,2.920425,2.921218,2.921814,2.922119,2.922134,2.922851,2.897674
241,2.759522,2.795135,2.795928,2.777527,2.796829,2.796844,2.797561,2.798812
242,2.625245,2.636703,2.637496,2.670472,2.656601,2.670792,2.662002,2.67276
243,2.514405,2.522369,2.54309,2.564728,2.565033,2.576004,2.555099,2.55635
244,2.411973,2.433457,2.442261,2.450959,2.476594,2.476609,2.486038,2.469986
245,2.347291,2.35849,2.379379,2.382249,2.406174,2.413544,2.421738,2.415512
246,2.304612,2.320008,2.32666,2.353684,2.366776,2.373352,2.376282,2.381988
247,2.279511,2.293411,2.310455,2.341767,2.348114,2.360474,2.354965,2.358306
248,2.265732,2.283844,2.30017,2.335755,2.347809,2.353836,2.360657,2.357818
249,2.264725,2.294204,2.321471,2.333191,2.35878,2.364853,2.375885,2.366821
250,2.279267,2.304184,2.331711,2.351228,2.375489,2.388047,2.386658,2.400787
251,2.303315,2.327866,2.352951,2.389878,2.407425,2.420868,2.414825,2.432037
252,2.332672,2.372833,2.396316,2.432358,2.453979,2.461349,2.469543,2.455962
253,2.371125,2.419663,2.440979,2.473069,2.496537,2.504563,2.513382,2.506531
254,2.410813,2.457046,2.480132,2.514969,2.532013,2.552292,2.541336,2.55426
255,2.459352,2.490036,2.522919,2.56096,2.570329,2.592179,2.571061,2.594147
256,2.490784,2.540695,2.562011,2.599899,2.633758,2.637283,2.63449,2.639251
257,2.544129,2.600265,2.61087,2.645874,2.676163,2.688034,2.688751,2.690002
258,2.599915,2.649262,2.653717,2.684876,2.714005,2.72702,2.727737,2.728988
259,2.641709,2.665649,2.697921,2.723877,2.755844,2.770187,2.756576,2.772155
260,2.651994,2.709122,2.722793,2.755051,2.784516,2.784531,2.785248,2.786499
261,2.709885,2.748077,2.767867,2.783295,2.79892,2.814773,2.799652,2.816741
262,2.736955,2.763169,2.798935,2.799531,2.799836,2.815689,2.816406,2.817657
263,2.763276,2.791382,2.792175,2.813797,2.830521,2.847565,2.831253,2.832504
264,2.77652,2.805664,2.828216,2.845841,2.846146,2.846161,2.846878,2.8311
265,2.789674,2.842469,2.820694,2.843858,2.844163,2.844178,2.844895,2.846146
266,2.803483,2.858231,2.835632,2.836228,2.859925,2.85994,2.837265,2.861908
267,2.817612,2.832748,2.856933,2.857529,2.857834,2.857849,2.858566,2.836425
268,2.83281,2.872818,2.873611,2.849946,2.832825,2.83284,2.850983,2.834808
269,2.847413,2.863815,2.846527,2.847123,2.807709,2.830017,2.808441,2.831985
270,2.845704,2.862106,2.844818,2.845414,2.789963,2.806015,2.790695,2.807983
271,2.82071,2.842133,2.842926,2.803803,2.804108,2.788086,2.788803,2.769531
272,2.819855,2.835403,2.836196,2.802948,2.766693,2.747055,2.767425,2.749023
273,2.817155,2.832703,2.816269,2.779008,2.74434,2.744355,2.730896,2.732147
274,2.81569,2.814011,2.792785,2.757218,2.710495,2.71051,2.69809,2.712478
275,2.791916,2.790237,2.79103,2.726639,2.695603,2.678726,2.696335,2.680694
276,2.770326,2.789673,2.754303,2.707871,2.678147,2.66594,2.666657,2.667908
277,2.75438,2.752701,2.720047,2.689637,2.649369,2.637985,2.638702,2.639953
278,2.703018,2.719345,2.689132,2.660904,2.623367,2.609222,2.609939,2.62535
279,2.672669,2.687714,2.647934,2.622437,2.59163,2.585068,2.585785,2.600296
280,2.632889,2.63121,2.606887,2.567841,2.561844,2.561859,2.559463,2.563827
281,2.59494,2.56723,2.54634,2.537903,2.517822,2.517837,2.498977,2.508529
282,2.525956,2.504364,2.478103,2.468308,2.460983,2.460998,2.461715,2.470596
283,2.461304,2.425629,2.426422,2.404267,2.404572,2.404587,2.405304,2.406555
284,2.381578,2.345856,2.340942,2.334031,2.334336,2.334351,2.342575,2.336319
285,2.273301,2.239227,2.23555,2.240616,2.246918,2.240936,2.24765,2.258056
286,2.147156,2.117188,2.113433,2.12201,2.130448,2.133972,2.126511,2.141906
287,2.021149,1.996231,1.993682,2.000122,2.01239,2.0159,2.016617,2.022262
288,1.905777,1.885254,1.890685,1.902756,1.914108,1.921173,1.92189,1.93103
289,1.813416,1.8013,1.807007,1.81984,1.826417,1.838044,1.838761,1.847137
290,1.728806,1.725326,1.732421,1.74498,1.759048,1.762466,1.768096,1.778854
291,1.633088,1.632843,1.646835,1.660996,1.6772,1.684784,1.688293,1.697265
292,1.491211,1.493438,1.510512,1.532639,1.547516,1.557418,1.559051,1.567657
293,1.328705,1.331268,1.34703,1.373597,1.393799,1.40152,1.405136,1.411758
294,1.161973,1.161255,1.183074,1.211365,1.231781,1.241348,1.245544,1.251037
295,1.015808,1.017349,1.032439,1.06073,1.086273,1.094772,1.100021,1.107635
296,0.883714,0.887512,0.908645,0.93335,0.956879,0.967407,0.972153,0.981705
297,0.78003,0.786789,0.806564,0.834306,0.855912,0.863739,0.868134,0.878326
298,0.686463,0.699966,0.722747,0.748566,0.771347,0.779388,0.784042,0.792678
299,0.604447,0.62172,0.642136,0.67035,0.693436,0.701066,0.705277,0.715469
300,0.542328,0.560379,0.583725,0.610673,0.634888,0.64148,0.645065,0.654937
301,0.453766,0.475189,0.495468,0.515519,0.536255,0.542465,0.548355,0.550293
302,0.414994,0.437104,0.458435,0.479447,0.498521,0.507691,0.511338,0.516129
303,0.380906,0.405838,0.426422,0.448533,0.468567,0.475693,0.481125,0.487549
304,0.352998,0.378983,0.398773,0.421556,0.438798,0.446259,0.451645,0.459213
305,0.329544,0.356826,0.378066,0.401077,0.418228,0.426223,0.431335,0.437133
306,0.317795,0.347534,0.368453,0.394165,0.414581,0.421249,0.422943,0.429473
307,0.297318,0.325745,0.35022,0.373536,0.391709,0.399063,0.401505,0.407349
308,0.281296,0.311829,0.333679,0.356965,0.375351,0.380341,0.384003,0.389755
309,0.266969,0.299607,0.320145,0.340943,0.358536,0.363694,0.368836,0.371384
310,0.25615,0.289261,0.308135,0.329209,0.345062,0.351059,0.352844,0.359344
311,0.243668,0.277817,0.294815,0.315934,0.328873,0.333267,0.338364,0.341781
312,0.235276,0.269791,0.286407,0.304123,0.316895,0.320892,0.323883,0.328796
313,0.225892,0.262024,0.277923,0.292969,0.305222,0.308945,0.31102,0.313781
314,0.218338,0.254867,0.268676,0.283035,0.292709,0.295044,0.297699,0.301788
315,0.212327,0.248459,0.261535,0.27269,0.281357,0.28505,0.285751,0.29042
316,0.20372,0.240936,0.251602,0.260636,0.26796,0.269653,0.272186,0.274856
317,0.197037,0.233231,0.24385,0.251481,0.25676,0.25856,0.258942,0.261413
318,0.190751,0.227203,0.23616,0.24173,0.244339,0.244949,0.245834,0.24797
319,0.184479,0.220688,0.228896,0.230332,0.233582,0.234039,0.233337,0.235565
320,0.17862,0.215378,0.221344,0.221253,0.221757,0.220963,0.221878,0.223862
321,0.174256,0.210007,0.213562,0.213074,0.211319,0.209076,0.209381,0.21347
322,0.170533,0.205414,0.20697,0.204255,0.200242,0.198487,0.199661,0.200165
323,0.16568,0.200531,0.201446,0.195786,0.189682,0.187653,0.188583,0.190445
324,0.162034,0.195511,0.194244,0.187226,0.180023,0.177536,0.176712,0.178421
325,0.158051,0.191025,0.188156,0.177796,0.170243,0.167359,0.166123,0.167435
326,0.154984,0.185104,0.182433,0.170441,0.161178,0.158142,0.158218,0.158752
327,0.151413,0.180099,0.175842,0.1633,0.152725,0.148391,0.148208,0.149124
328,0.148865,0.175583,0.170593,0.156296,0.145294,0.141556,0.140838,0.140273
329,0.147355,0.170975,0.164749,0.149918,0.138566,0.133896,0.133728,0.134231
330,0.145539,0.1651,0.159454,0.143265,0.131531,0.127243,0.125396,0.126052
331,0.143067,0.162308,0.154296,0.137085,0.124863,0.120224,0.119186,0.118911
332,0.141145,0.156632,0.148361,0.131516,0.119751,0.114823,0.113083,0.113449
333,0.141572,0.154068,0.14444,0.128175,0.114579,0.110611,0.109696,0.10849
334,0.139893,0.147095,0.138061,0.122468,0.109162,0.103592,0.103485,0.103653
335,0.139526,0.143737,0.133102,0.117676,0.105011,0.100204,0.100204,0.098815
336,0.141342,0.140457,0.129974,0.113922,0.102921,0.097595,0.09703,0.097274
337,0.140259,0.136688,0.126007,0.110306,0.099289,0.093811,0.093643,0.092331
338,0.139466,0.132568,0.121231,0.105851,0.095551,0.090622,0.089645,0.089706
339,0.14061,0.129089,0.117278,0.10286,0.092377,0.088272,0.087646,0.087158
340,0.140458,0.12587,0.114624,0.10022,0.090058,0.086029,0.085098,0.0849
341,0.141023,0.122208,0.11055,0.097184,0.088334,0.083954,0.082825,0.083084
342,0.141617,0.120956,0.108108,0.094757,0.08609,0.082504,0.081192,0.081634
343,0.142807,0.11737,0.105331,0.092285,0.085022,0.081467,0.080108,0.079879
344,0.143051,0.1156,0.102218,0.091049,0.083511,0.080734,0.079604,0.078872
345,0.144928,0.114258,0.102416,0.090317,0.08255,0.079529,0.077942,0.079071
346,0.146607,0.112992,0.100845,0.089524,0.082581,0.079575,0.077866,0.07753
347,0.148621,0.11174,0.099472,0.089249,0.082444,0.079758,0.07901,0.077835
348,0.149323,0.110764,0.098297,0.088074,0.081635,0.078705,0.077652,0.07753
349,0.151765,0.110413,0.097229,0.0869,0.082719,0.079438,0.078583,0.076843
350,0.153688,0.110108,0.097397,0.087586,0.081773,0.080338,0.079193,0.078125
351,0.155396,0.109162,0.096359,0.086961,0.082352,0.079545,0.077866,0.077423
352,0.157105,0.109406,0.095764,0.086671,0.081818,0.079102,0.078766,0.077621
353,0.157974,0.108886,0.095138,0.086716,0.081909,0.079818,0.079818,0.078643
354,0.159699,0.108658,0.095489,0.087418,0.082978,0.080719,0.080323,0.078308
355,0.160966,0.109284,0.096084,0.087281,0.083969,0.081879,0.081085,0.079651
356,0.161378,0.108963,0.095901,0.087922,0.084458,0.081619,0.081558,0.080414
357,0.162446,0.109314,0.096725,0.089204,0.085785,0.083832,0.082153,0.082352
358,0.161942,0.109299,0.096664,0.088913,0.085144,0.083466,0.083221,0.081436
359,0.162553,0.110444,0.098114,0.090653,0.087235,0.085022,0.084915,0.083908
360,0.161317,0.110093,0.097671,0.09073,0.087693,0.085877,0.085282,0.083237
361,0.160554,0.110627,0.098572,0.091401,0.088898,0.087311,0.08667,0.084534
362,0.16008,0.111572,0.099105,0.092468,0.089844,0.087494,0.087234,0.085632
363,0.159287,0.111465,0.100448,0.094285,0.091019,0.088898,0.088211,0.086578
364,0.157959,0.112518,0.101562,0.094452,0.091934,0.089401,0.089325,0.087966
365,0.158036,0.113968,0.102829,0.095795,0.093354,0.091049,0.090668,0.089706
366,0.156541,0.11348,0.103302,0.097001,0.092744,0.091919,0.091446,0.089066
367,0.157502,0.11525,0.104416,0.097795,0.094575,0.092698,0.091629,0.091248
368,0.157028,0.113937,0.104217,0.098114,0.094757,0.093567,0.091628,0.090453
369,0.157044,0.115036,0.10385,0.098709,0.095642,0.093185,0.093154,0.091079
370,0.157883,0.115051,0.104445,0.098709,0.095932,0.094345,0.093261,0.091964
371,0.16063,0.116715,0.106415,0.100678,0.09845,0.09639,0.094681,0.094254
372,0.16063,0.115692,0.106003,0.10022,0.097886,0.09607,0.095215,0.093399
373,0.161378,0.115524,0.105636,0.100174,0.098603,0.096695,0.095978,0.094543
374,0.161698,0.115982,0.105743,0.101303,0.099396,0.097122,0.096191,0.094894
375,0.161561,0.116135,0.106125,0.101411,0.099045,0.098145,0.096924,0.095444
376,0.160324,0.115936,0.106719,0.1008,0.099609,0.098037,0.097,0.095992
377,0.159424,0.116333,0.10649,0.100677,0.099838,0.098068,0.097228,0.096069
378,0.156815,0.115203,0.106383,0.100754,0.099151,0.098098,0.097045,0.09645
379,0.154114,0.114456,0.106399,0.101166,0.099594,0.0979,0.097335,0.096328
380,0.150132,0.114441,0.106735,0.102189,0.099549,0.097626,0.096771,0.095977
381,0.145142,0.113983,0.106719,0.10173,0.09964,0.097152,0.096786,0.09555
382,0.138993,0.112839,0.106628,0.100998,0.098374,0.096481,0.095337,0.094696
383,0.13408,0.112992,0.106583,0.101609,0.098511,0.096527,0.095597,0.09462
384,0.128418,0.111664,0.106857,0.100403,0.098282,0.095947,0.096161,0.094451
385,0.121979,0.109726,0.105041,0.100006,0.097092,0.094757,0.094421,0.092941
386,0.115677,0.107498,0.103973,0.098893,0.095902,0.093475,0.092636,0.092453
387,0.109833,0.104706,0.101989,0.097656,0.095291,0.093231,0.093124,0.092346
388,0.103776,0.101288,0.099991,0.095322,0.093644,0.091858,0.09166,0.090271
389,0.100678,0.098526,0.097626,0.094514,0.09369,0.091278,0.09082,0.08995
390,0.095948,0.094772,0.094268,0.092316,0.091523,0.090424,0.08931,0.08873
391,0.092652,0.091004,0.091156,0.090241,0.089249,0.088425,0.087311,0.087204
392,0.089081,0.087845,0.088531,0.08754,0.087723,0.08667,0.086166,0.085067
393,0.087647,0.085388,0.085693,0.084824,0.08664,0.085983,0.08551,0.084823
394,0.085862,0.081589,0.082488,0.083603,0.084961,0.08464,0.084091,0.083007
395,0.084702,0.07901,0.079467,0.08136,0.083343,0.083038,0.082717,0.081725
396,0.083421,0.07602,0.077301,0.079072,0.080948,0.081147,0.081192,0.080597
397,0.082855,0.074081,0.075515,0.077362,0.079712,0.079574,0.078903,0.078597
398,0.082413,0.072067,0.073562,0.075287,0.078446,0.078445,0.077881,0.076538
399,0.082794,0.070831,0.071181,0.072937,0.076416,0.076416,0.076202,0.075408
400,0.082841,0.068726,0.069335,0.071656,0.074539,0.075348,0.07457,0.07312
401,0.083191,0.067215,0.067535,0.070191,0.073319,0.073623,0.072845,0.071655
402,0.084549,0.066467,0.066253,0.068833,0.072205,0.072204,0.071731,0.070586
403,0.084611,0.065399,0.064956,0.067719,0.070969,0.071243,0.07019,0.068939
404,0.085724,0.064361,0.063537,0.066193,0.068847,0.070098,0.069381,0.067809
405,0.087281,0.064392,0.063125,0.064804,0.068649,0.068542,0.068359,0.06723
406,0.088761,0.063843,0.061325,0.063828,0.066361,0.066666,0.065811,0.065384
407,0.090562,0.063278,0.060409,0.062363,0.065339,0.065994,0.064651,0.063797
408,0.092575,0.062606,0.059844,0.061111,0.064987,0.064453,0.063369,0.062469
409,0.094635,0.063324,0.059386,0.060791,0.063507,0.063308,0.062377,0.061355
410,0.097626,0.063461,0.059631,0.06012,0.062393,0.062317,0.061447,0.060363
411,0.100449,0.063919,0.059082,0.0598,0.062043,0.061615,0.06012,0.059128
412,0.10373,0.064392,0.059006,0.059525,0.061036,0.060456,0.059738,0.05896
413,0.106003,0.064682,0.05957,0.058838,0.059448,0.059509,0.059051,0.057571
414,0.108582,0.064804,0.057983,0.057297,0.057907,0.058639,0.057464,0.05632
415,0.111238,0.065552,0.058304,0.057176,0.058213,0.05803,0.056748,0.055847
416,0.113511,0.066528,0.058547,0.057373,0.057739,0.057678,0.056946,0.055175
417,0.115357,0.06578,0.057617,0.056153,0.056473,0.055939,0.054687,0.054
418,0.118241,0.067108,0.058365,0.055604,0.056549,0.055985,0.055069,0.053848
419,0.119202,0.067261,0.05777,0.054673,0.055085,0.054672,0.053452,0.052154
420,0.120942,0.067779,0.057952,0.054795,0.054779,0.05368,0.053207,0.051757
421,0.122543,0.068023,0.057662,0.054016,0.054275,0.052673,0.051925,0.050536
422,0.124146,0.068543,0.057586,0.054261,0.053879,0.052628,0.051666,0.050354
423,0.125153,0.068802,0.058304,0.053803,0.053483,0.051956,0.0513,0.049896
424,0.125748,0.068619,0.058075,0.053712,0.052933,0.051071,0.050308,0.049301
425,0.126374,0.068832,0.058029,0.053345,0.052277,0.051147,0.049484,0.048645
426,0.126359,0.068802,0.057708,0.052613,0.052017,0.049438,0.049042,0.047012
427,0.127015,0.068818,0.057327,0.052888,0.051316,0.049241,0.048142,0.04689
428,0.128006,0.069534,0.057357,0.05243,0.050507,0.048752,0.04805,0.046508
429,0.128327,0.068893,0.056945,0.05156,0.05008,0.047821,0.047561,0.045394
430,0.128983,0.069672,0.057617,0.051301,0.049683,0.047654,0.046845,0.045471
431,0.131409,0.070389,0.058197,0.051941,0.050186,0.048233,0.047241,0.045486
432,0.133377,0.070266,0.058303,0.051636,0.049194,0.04747,0.046432,0.044372
433,0.134934,0.071518,0.058166,0.050813,0.048676,0.046555,0.045639,0.043854
434,0.137405,0.072555,0.058105,0.051163,0.048355,0.046218,0.04515,0.043014
435,0.139405,0.073181,0.058501,0.051163,0.048111,0.045807,0.045059,0.042861
436,0.143006,0.074082,0.059265,0.05127,0.048112,0.045517,0.044968,0.042877
437,0.145996,0.07463,0.059173,0.051209,0.047897,0.0457,0.044403,0.042526
438,0.148606,0.075302,0.059371,0.050965,0.047669,0.044525,0.044235,0.042327
439,0.15149,0.076645,0.059585,0.05095,0.047043,0.044876,0.043518,0.041382
440,0.154618,0.077453,0.060119,0.051041,0.047135,0.045059,0.043182,0.041397
441,0.158051,0.078644,0.06105,0.051423,0.047394,0.045487,0.043656,0.04184
442,0.160996,0.079345,0.061614,0.051727,0.047348,0.044967,0.043563,0.041854
443,0.16272,0.080078,0.061264,0.051331,0.046906,0.044235,0.042862,0.041198
444,0.164078,0.080535,0.061202,0.050964,0.046737,0.043579,0.042861,0.040298
445,0.165436,0.081268,0.062118,0.05159,0.046982,0.043671,0.042267,0.040329
446,0.165985,0.081176,0.062026,0.051285,0.046036,0.043899,0.041854,0.039947
447,0.166444,0.08194,0.062164,0.051087,0.046601,0.04393,0.042542,0.040344
448,0.165635,0.08226,0.062362,0.051773,0.046417,0.043091,0.04158,0.039886
449,0.164063,0.081955,0.062103,0.051117,0.045319,0.042618,0.041137,0.038696
450,0.162171,0.081802,0.061965,0.051255,0.045319,0.042633,0.041473,0.039031
451,0.159821,0.081665,0.062316,0.050934,0.045517,0.042221,0.040497,0.038757
452,0.15683,0.080978,0.061691,0.050003,0.044586,0.041015,0.039321,0.037826
453,0.15358,0.080429,0.061523,0.050141,0.044495,0.041168,0.039413,0.037704
454,0.150331,0.080079,0.061706,0.049851,0.044312,0.041184,0.039627,0.037277
455,0.146912,0.078919,0.061462,0.0495,0.043641,0.040619,0.038849,0.036499
456,0.143525,0.077805,0.059982,0.048814,0.042725,0.039292,0.038254,0.036056
457,0.139588,0.077118,0.05957,0.048401,0.04184,0.038803,0.036987,0.035415
458,0.136948,0.076126,0.059631,0.047943,0.041168,0.037765,0.036377,0.03421
459,0.134888,0.075973,0.058852,0.047379,0.040466,0.037246,0.035842,0.033874
460,0.13327,0.075592,0.059188,0.046875,0.039978,0.036911,0.035385,0.033263
461,0.131791,0.075287,0.058914,0.046479,0.039979,0.036637,0.034988,0.033111
462,0.131181,0.074463,0.058624,0.046052,0.03888,0.036011,0.034638,0.032623
463,0.131272,0.074921,0.059066,0.04599,0.039169,0.035629,0.034164,0.031921
464,0.131333,0.074509,0.058273,0.045121,0.03798,0.034745,0.033509,0.031555
465,0.132431,0.074539,0.058685,0.045212,0.038529,0.034637,0.033554,0.031692
466,0.13266,0.075287,0.058135,0.044632,0.037933,0.034225,0.033096,0.030807
467,0.133881,0.075622,0.058685,0.044739,0.037872,0.034622,0.03302,0.031127
468,0.134324,0.0746,0.056946,0.044358,0.036881,0.033341,0.031876,0.029953
469,0.135468,0.074722,0.057204,0.043915,0.036651,0.033157,0.031783,0.029464
470,0.136369,0.074433,0.056946,0.043687,0.03624,0.032608,0.03067,0.029068
471,0.13733,0.074784,0.057083,0.043687,0.036118,0.03244,0.031296,0.029312
472,0.137192,0.075012,0.057037,0.043122,0.035355,0.032318,0.03041,0.02861
473,0.136109,0.075211,0.056655,0.043259,0.034912,0.031509,0.029892,0.028152
474,0.135346,0.074661,0.056869,0.04271,0.034379,0.031052,0.029358,0.027832
475,0.134522,0.075317,0.057266,0.043091,0.035202,0.031082,0.029312,0.027984
476,0.133866,0.075379,0.057052,0.042756,0.03473,0.030976,0.029328,0.027832
477,0.131745,0.074173,0.056625,0.042344,0.034165,0.030319,0.028824,0.027328
478,0.128479,0.073456,0.056274,0.042313,0.033737,0.029434,0.028717,0.026458
479,0.124711,0.072922,0.05542,0.041291,0.033127,0.028931,0.027557,0.026001
480,0.120347,0.071655,0.054428,0.041077,0.031769,0.027573,0.026901,0.025314
481,0.115327,0.070191,0.054641,0.040452,0.031632,0.027558,0.026382,0.02475
482,0.109131,0.06929,0.053863,0.039414,0.030945,0.026886,0.025711,0.024032
483,0.103028,0.06752,0.053116,0.039109,0.030457,0.026215,0.02475,0.023498
484,0.095993,0.065475,0.052566,0.038635,0.029709,0.025344,0.024536,0.02217
485,0.089417,0.063904,0.051727,0.037812,0.02858,0.024551,0.023605,0.021865
486,0.082779,0.062256,0.05133,0.037095,0.027725,0.024094,0.022613,0.02182
487,0.075364,0.06131,0.050445,0.036683,0.027481,0.023621,0.021957,0.021163
488,0.068222,0.05957,0.049148,0.035858,0.02652,0.022522,0.021346,0.020599
489,0.061112,0.056839,0.048492,0.035065,0.026001,0.021896,0.02034,0.019592
490,0.055222,0.055725,0.047652,0.034637,0.024948,0.020904,0.019515,0.018768
491,0.049775,0.053864,0.047058,0.03354,0.024262,0.020081,0.018921,0.018005
492,0.045365,0.052567,0.046188,0.033249,0.023728,0.01944,0.018722,0.017852
493,0.040558,0.051467,0.045608,0.032257,0.023376,0.019043,0.01799,0.017181
494,0.036775,0.050553,0.045166,0.031892,0.022538,0.018616,0.017349,0.016876
495,0.034043,0.049835,0.044799,0.032029,0.022171,0.018463,0.017456,0.016616
496,0.030289,0.04898,0.044265,0.031403,0.021698,0.017425,0.016235,0.015975
497,0.028138,0.048187,0.043197,0.030945,0.020691,0.016723,0.015976,0.014846
498,0.02591,0.04689,0.04248,0.029785,0.02095,0.015762,0.015213,0.014159
499,0.02327,0.046112,0.042053,0.029389,0.020188,0.015656,0.01477,0.013824
500,0.021943,0.045548,0.041748,0.029297,0.019165,0.015442,0.014206,0.013702
501,0.020677,0.045029,0.041351,0.028596,0.019074,0.014863,0.014283,0.013565
502,0.01938,0.04422,0.040619,0.028428,0.018677,0.01442,0.014008,0.012985
503,0.018906,0.044129,0.040725,0.028382,0.017975,0.014633,0.013718,0.013046
504,0.01822,0.043869,0.040161,0.028428,0.018372,0.014267,0.013748,0.013
505,0.016922,0.043045,0.039672,0.027542,0.017731,0.014022,0.012924,0.012283
506,0.016159,0.043319,0.039489,0.027237,0.017685,0.013839,0.013198,0.012634
507,0.015992,0.042526,0.039047,0.026993,0.017883,0.013428,0.013122,0.01239
508,0.014557,0.041061,0.038208,0.025986,0.016983,0.012863,0.012008,0.011535
509,0.015244,0.041641,0.038497,0.026321,0.017441,0.013473,0.012451,0.011977
510,0.014359,0.040741,0.038086,0.02617,0.016923,0.013306,0.012192,0.011841
511,0.01442,0.040528,0.03746,0.026139,0.016572,0.013458,0.012207,0.011703
512,0.01445,0.04039,0.037704,0.026245,0.017242,0.012787,0.012466,0.012206
513,0.013642,0.039078,0.036438,0.025193,0.016266,0.012131,0.01181,0.011352
514,0.013886,0.038955,0.036727,0.025299,0.016174,0.012527,0.011764,0.011611
515,0.01378,0.03888,0.036316,0.024934,0.015916,0.012619,0.012497,0.011566
516,0.013306,0.038239,0.036148,0.024262,0.016282,0.012512,0.011826,0.010956
517,0.01352,0.037797,0.035416,0.024644,0.015946,0.012284,0.01204,0.01091
518,0.013397,0.037902,0.035323,0.024109,0.015823,0.012359,0.011901,0.011367
519,0.013062,0.036911,0.03424,0.024094,0.015381,0.011627,0.011368,0.010834
520,0.012925,0.036453,0.034393,0.024292,0.015518,0.01181,0.011596,0.011169
521,0.01265,0.036529,0.033675,0.023407,0.015015,0.011749,0.010925,0.010635
522,0.012589,0.035996,0.033874,0.023637,0.015122,0.011704,0.011231,0.010696
523,0.012422,0.036225,0.033722,0.023499,0.015565,0.01204,0.011185,0.010986
524,0.012009,0.035858,0.033141,0.02272,0.014847,0.011291,0.010757,0.010604
525,0.011933,0.034973,0.032699,0.022614,0.014954,0.011658,0.010758,0.01033
526,0.012147,0.03566,0.03276,0.023102,0.014771,0.011673,0.010849,0.010406
527,0.012543,0.035492,0.03302,0.02295,0.015442,0.011475,0.010559,0.010788
528,0.011842,0.035187,0.032761,0.022569,0.014909,0.011628,0.010346,0.010056
529,0.011323,0.035019,0.032699,0.022568,0.014756,0.011215,0.010513,0.009857
530,0.011536,0.034928,0.032608,0.022278,0.014466,0.010819,0.01062,0.01001
531,0.011582,0.034988,0.032409,0.022355,0.014572,0.010803,0.010437,0.010025
532,0.011735,0.034454,0.032897,0.022202,0.014038,0.01091,0.010269,0.009994
533,0.011796,0.034927,0.032623,0.022217,0.014557,0.011169,0.010406,0.010254
534,0.011109,0.034607,0.032363,0.022522,0.014252,0.010788,0.010498,0.009597
535,0.011322,0.034912,0.033065,0.022461,0.01445,0.010681,0.010803,0.00975
536,0.011002,0.035492,0.03305,0.022431,0.014664,0.011123,0.010498,0.009628
537,0.010636,0.034591,0.032073,0.021713,0.013901,0.010452,0.009735,0.009673
538,0.011017,0.034592,0.032074,0.02237,0.014191,0.010757,0.010132,0.009704
539,0.011078,0.035034,0.032623,0.022537,0.014252,0.010635,0.009994,0.009735
540,0.011139,0.035003,0.032546,0.022156,0.014221,0.01036,0.01033,0.009765
541,0.011002,0.035202,0.032546,0.022309,0.014221,0.01033,0.010055,0.009826
542,0.011063,0.034882,0.032562,0.022401,0.013978,0.01062,0.010056,0.009415
543,0.010422,0.03479,0.032593,0.021836,0.013932,0.010132,0.010025,0.009491
544,0.010407,0.03508,0.032684,0.022034,0.013917,0.010285,0.010162,0.009277
545,0.011186,0.035752,0.033157,0.022736,0.014069,0.011017,0.009979,0.00975
546,0.011063,0.035721,0.033416,0.02269,0.014237,0.010773,0.009842,0.009735
547,0.010391,0.035766,0.033126,0.02211,0.014297,0.010238,0.009948,0.009551
548,0.010697,0.035934,0.03334,0.022385,0.013886,0.010116,0.009658,0.00949
549,0.010422,0.036484,0.033584,0.02269,0.01445,0.010467,0.010025,0.009994
550,0.010865,0.036331,0.033782,0.023056,0.014801,0.010223,0.009857,0.009689
551,0.010987,0.036469,0.034195,0.02298,0.014191,0.010605,0.010101,0.009903
552,0.011048,0.037369,0.034759,0.022873,0.014237,0.010788,0.010025,0.010024
553,0.010865,0.03685,0.034179,0.02266,0.014237,0.010467,0.010086,0.009445
554,0.010529,0.037155,0.034912,0.02298,0.013947,0.010514,0.009903,0.009491
555,0.010804,0.0383,0.035049,0.023453,0.014313,0.010788,0.010086,0.009537
556,0.010529,0.038086,0.034637,0.023697,0.01416,0.010391,0.009689,0.009338
557,0.010178,0.037735,0.035125,0.023362,0.013382,0.009933,0.009125,0.009246
558,0.009888,0.038498,0.035507,0.023224,0.013748,0.010346,0.009445,0.00885
559,0.010117,0.039154,0.036316,0.023713,0.014191,0.010224,0.009781,0.009231
560,0.009736,0.039231,0.036468,0.024232,0.014222,0.010132,0.009476,0.009201
561,0.009751,0.040161,0.037338,0.024552,0.014695,0.0103,0.009674,0.009491
562,0.010102,0.040696,0.037247,0.024613,0.01468,0.010575,0.009445,0.009598
563,0.009828,0.04094,0.037903,0.024812,0.014512,0.009858,0.009812,0.009125
564,0.009461,0.041489,0.038559,0.024812,0.01468,0.010163,0.009934,0.00943
565,0.010072,0.042282,0.038513,0.025239,0.014573,0.010224,0.010056,0.009354
566,0.009828,0.042893,0.039459,0.025681,0.014893,0.010636,0.010193,0.009598
567,0.009949,0.043426,0.039794,0.026093,0.015106,0.010742,0.009933,0.009399
568,0.009599,0.043595,0.040176,0.026124,0.01526,0.010483,0.009598,0.009537
569,0.009644,0.044571,0.040954,0.026505,0.01529,0.010514,0.009918,0.009506
570,0.009339,0.044907,0.041305,0.026627,0.015167,0.010574,0.010025,0.009445
571,0.009629,0.045334,0.041534,0.027008,0.015015,0.010635,0.009475,0.009567
572,0.009492,0.045731,0.041962,0.027436,0.014908,0.011002,0.009812,0.009613
573,0.009476,0.046722,0.042754,0.027771,0.015427,0.010895,0.009826,0.009673
574,0.009705,0.047058,0.04309,0.027405,0.015289,0.010803,0.00975,0.009612
575,0.009522,0.047195,0.043106,0.027695,0.015518,0.01033,0.010147,0.009277
576,0.009415,0.047745,0.043457,0.027817,0.015503,0.010224,0.009689,0.00914
577,0.009522,0.048248,0.043792,0.027665,0.015396,0.010208,0.00943,0.009384
578,0.010269,0.048492,0.044204,0.028366,0.016037,0.010498,0.010299,0.009963
579,0.009796,0.048477,0.044799,0.028549,0.0159,0.010681,0.009811,0.009368
580,0.008774,0.048339,0.044311,0.028214,0.015106,0.010162,0.009002,0.008743
581,0.009217,0.048462,0.044631,0.02855,0.015213,0.010223,0.009674,0.009063
582,0.009263,0.04863,0.04538,0.028855,0.015732,0.010575,0.00969,0.009628
583,0.009369,0.048721,0.04518,0.028549,0.01561,0.010528,0.009506,0.009582
584,0.009567,0.049362,0.045165,0.02887,0.015915,0.010559,0.009628,0.009795
585,0.009567,0.049164,0.045196,0.028839,0.015823,0.010345,0.01007,0.009551
586,0.009522,0.049499,0.045028,0.029221,0.015625,0.010162,0.010208,0.009628
587,0.009416,0.049256,0.045471,0.029328,0.01619,0.010682,0.009766,0.01004
588,0.009125,0.049148,0.045242,0.028275,0.015503,0.010376,0.009475,0.008865
589,0.009277,0.048904,0.044555,0.028626,0.015579,0.010284,0.009902,0.009383
590,0.009278,0.048675,0.04512,0.028778,0.015915,0.010559,0.009933,0.009017
591,0.009202,0.048889,0.044815,0.028534,0.015763,0.010681,0.010406,0.00943
592,0.009125,0.048004,0.044037,0.028351,0.01503,0.00969,0.009491,0.008941
593,0.009202,0.047699,0.043808,0.028046,0.015122,0.009857,0.009323,0.00856
594,0.009431,0.047684,0.044342,0.02858,0.015427,0.010193,0.009628,0.009155
595,0.009034,0.047776,0.043716,0.028184,0.014863,0.009781,0.009873,0.009216
596,0.008515,0.047211,0.04306,0.027497,0.014725,0.009827,0.009552,0.008621
597,0.008698,0.047272,0.043503,0.027543,0.015076,0.010254,0.009537,0.009292
598,0.008698,0.046982,0.042373,0.027115,0.014573,0.009659,0.009171,0.008301
599,0.009095,0.046357,0.042755,0.027223,0.014924,0.009842,0.009537,0.008896
600,0.009171,0.046433,0.042831,0.027406,0.014786,0.010071,0.009247,0.008896
601,0.009049,0.046219,0.042404,0.027054,0.014572,0.009934,0.008972,0.009308
602,0.008912,0.046097,0.04187,0.026795,0.014573,0.009918,0.009338,0.008865
603,0.008836,0.046341,0.041977,0.026642,0.01471,0.010132,0.009049,0.008896
604,0.008378,0.04541,0.041412,0.026368,0.014161,0.009613,0.00882,0.00856
605,0.008271,0.045685,0.041549,0.026597,0.014481,0.009628,0.009277,0.008453
606,0.008194,0.045074,0.04135,0.026016,0.014053,0.009338,0.008377,0.008361
607,0.008209,0.045044,0.041473,0.026352,0.014389,0.009765,0.008575,0.008376
608,0.008377,0.045288,0.041381,0.026642,0.014694,0.009826,0.008896,0.00827
609,0.008362,0.044982,0.041274,0.026093,0.014129,0.009338,0.008788,0.008575
610,0.008225,0.045044,0.041045,0.026047,0.014221,0.009231,0.008606,0.008605
611,0.008087,0.045135,0.041717,0.026093,0.014236,0.009094,0.008346,0.008086
612,0.008256,0.045197,0.041839,0.026017,0.014313,0.009446,0.008545,0.008423
613,0.008286,0.045883,0.041778,0.026688,0.014511,0.00975,0.008773,0.008712
614,0.008377,0.045608,0.042052,0.026764,0.013946,0.009277,0.008712,0.008315
615,0.008699,0.046448,0.042419,0.026917,0.014436,0.009812,0.008713,0.008896
616,0.008012,0.04596,0.041946,0.026383,0.014191,0.008927,0.008744,0.008514
617,0.008164,0.046112,0.042251,0.026963,0.014115,0.0094,0.008774,0.008072
618,0.007996,0.046417,0.042739,0.026779,0.014297,0.009231,0.008819,0.008407
619,0.008027,0.046769,0.043136,0.027284,0.014222,0.009385,0.008408,0.008453
620,0.00824,0.046906,0.043579,0.027222,0.014206,0.009689,0.008896,0.008438
621,0.007951,0.047257,0.042953,0.026719,0.014374,0.009186,0.008576,0.008636
622,0.007966,0.04776,0.043564,0.027375,0.014435,0.008652,0.008606,0.008179
623,0.008485,0.048127,0.044586,0.027833,0.014847,0.009552,0.008896,0.008621
624,0.008713,0.048889,0.044478,0.028015,0.014877,0.009658,0.009155,0.009124
625,0.008515,0.04921,0.044845,0.028077,0.014969,0.009568,0.009308,0.00888
626,0.00821,0.048752,0.044769,0.027939,0.014709,0.009399,0.008728,0.009048
627,0.008591,0.049469,0.045028,0.028214,0.015015,0.009964,0.009155,0.009063
628,0.008316,0.049499,0.045043,0.028427,0.014572,0.009674,0.009109,0.008499
629,0.00856,0.04953,0.045577,0.028626,0.015045,0.009826,0.009384,0.008758
630,0.008301,0.049271,0.04515,0.028275,0.014725,0.009674,0.008911,0.008697
631,0.008103,0.04889,0.044784,0.02826,0.0141,0.009262,0.008652,0.008499
632,0.008332,0.048722,0.045242,0.028046,0.01439,0.009308,0.00856,0.008652
633,0.007736,0.048797,0.044692,0.027756,0.014068,0.009155,0.008529,0.008361
634,0.00795,0.048721,0.044708,0.028137,0.014481,0.009186,0.00917,0.008285
635,0.008393,0.048874,0.044692,0.027939,0.014603,0.009445,0.00885,0.008727
636,0.008103,0.048172,0.044509,0.027283,0.014221,0.009018,0.008148,0.008132
637,0.007599,0.047409,0.043533,0.026856,0.013748,0.008759,0.008087,0.007705
638,0.008652,0.047363,0.043273,0.027542,0.014389,0.009155,0.008514,0.008422
639,0.008316,0.046615,0.042297,0.026566,0.014069,0.008865,0.008529,0.00827
640,0.008194,0.046157,0.042174,0.026718,0.013702,0.008941,0.008575,0.008224
641,0.008148,0.045105,0.0419,0.026505,0.013885,0.008911,0.008514,0.008102
642,0.008225,0.044785,0.04129,0.025773,0.013718,0.008759,0.008545,0.008224
643,0.008073,0.043976,0.040375,0.025224,0.013322,0.008423,0.00824,0.007858
644,0.007844,0.043076,0.039657,0.02469,0.012864,0.008637,0.007828,0.007828
645,0.00789,0.041779,0.038315,0.023835,0.012711,0.00821,0.007538,0.007294
646,0.008255,0.040939,0.037658,0.024018,0.012802,0.00824,0.007843,0.007476
647,0.008011,0.039581,0.036391,0.022995,0.012375,0.00795,0.007324,0.007659
648,0.007706,0.038971,0.035247,0.022294,0.012314,0.007919,0.007111,0.00737
649,0.007584,0.038085,0.03482,0.022003,0.012192,0.007949,0.00714,0.007339
650,0.007356,0.036499,0.033661,0.021317,0.012238,0.008057,0.00734,0.007446
651,0.007263,0.035415,0.032851,0.020905,0.011551,0.007705,0.007278,0.007354
652,0.007386,0.034088,0.03096,0.019868,0.011261,0.00766,0.007126,0.007202
653,0.00705,0.033127,0.030472,0.019822,0.010926,0.007401,0.006821,0.007217
654,0.007172,0.030899,0.028747,0.018403,0.010056,0.006684,0.006592,0.006485
655,0.007477,0.030716,0.028076,0.017777,0.010178,0.007004,0.007339,0.006714
656,0.007142,0.028916,0.027115,0.017365,0.009858,0.007126,0.006684,0.006668
657,0.00679,0.027832,0.026031,0.017014,0.009476,0.006836,0.00682,0.006545
658,0.00705,0.026794,0.024917,0.016541,0.009491,0.006927,0.006622,0.006546
659,0.007263,0.025344,0.023727,0.01561,0.009415,0.007034,0.00624,0.00624
660,0.006745,0.023697,0.022461,0.01468,0.008866,0.006257,0.005951,0.005905
661,0.006654,0.022828,0.021439,0.014054,0.008988,0.006287,0.005753,0.006149
662,0.006791,0.021714,0.02037,0.013612,0.009141,0.005997,0.00586,0.00589
663,0.007035,0.021164,0.019897,0.013169,0.008759,0.006424,0.005905,0.006317
664,0.006181,0.019486,0.018188,0.012147,0.007905,0.005585,0.005005,0.005493
665,0.005997,0.018326,0.017532,0.011658,0.007905,0.006058,0.005325,0.005493
666,0.006791,0.018128,0.01683,0.011628,0.008317,0.006165,0.005631,0.005829
667,0.006684,0.017319,0.016647,0.011414,0.008179,0.005661,0.005737,0.006011
668,0.006333,0.015503,0.015198,0.01056,0.007279,0.005234,0.005234,0.005463
669,0.006119,0.015365,0.014617,0.01001,0.006927,0.005111,0.005508,0.005416
670,0.005601,0.014054,0.013397,0.009644,0.00647,0.005005,0.004837,0.004837
671,0.005769,0.013306,0.013183,0.009354,0.006531,0.004975,0.005051,0.00502
672,0.005646,0.01326,0.012694,0.009094,0.00647,0.005081,0.005416,0.005111
673,0.006043,0.012604,0.012008,0.009125,0.007004,0.005447,0.005295,0.005691
674,0.005525,0.011643,0.010986,0.008027,0.006379,0.004883,0.004975,0.004822
675,0.005707,0.011276,0.011062,0.008088,0.006348,0.005264,0.004974,0.004989
676,0.005539,0.010727,0.011153,0.008347,0.006424,0.005722,0.005187,0.005202
677,0.005097,0.009918,0.009933,0.007721,0.00592,0.004898,0.004684,0.004669
678,0.005463,0.009491,0.009704,0.007202,0.005768,0.004516,0.004501,0.004959
679,0.005021,0.008621,0.008667,0.006547,0.005692,0.004502,0.004547,0.004455
680,0.00496,0.008408,0.008453,0.006608,0.005326,0.004608,0.004196,0.00444
681,0.005433,0.008332,0.008728,0.006745,0.005509,0.004837,0.004715,0.004944
682,0.00528,0.007996,0.008361,0.006562,0.005615,0.00412,0.004288,0.004516
683,0.005646,0.008041,0.008026,0.00589,0.005097,0.004135,0.004044,0.004333
684,0.005265,0.007859,0.007873,0.006165,0.005433,0.004227,0.00473,0.004547
685,0.00502,0.006805,0.007354,0.005982,0.005249,0.004043,0.003952,0.004485
686,0.005158,0.007156,0.007446,0.005661,0.005341,0.004471,0.004074,0.004928
687,0.005235,0.007096,0.006866,0.006013,0.005616,0.004303,0.004395,0.004623
688,0.004975,0.006684,0.006454,0.00586,0.005219,0.004425,0.004532,0.004471
689,0.005158,0.006287,0.006805,0.00525,0.004349,0.004059,0.004593,0.004333
690,0.004883,0.00589,0.006545,0.005127,0.004669,0.003799,0.003875,0.004333
691,0.004593,0.005844,0.006103,0.004868,0.00467,0.0038,0.003403,0.004181
692,0.004868,0.005493,0.006011,0.004776,0.004242,0.003525,0.003647,0.003891
693,0.004579,0.0056,0.005936,0.004838,0.004151,0.003678,0.00351,0.004089
694,0.004746,0.005569,0.005721,0.004853,0.004517,0.003784,0.00383,0.004043
695,0.004685,0.005188,0.005752,0.004776,0.004257,0.003586,0.00415,0.003921
696,0.004487,0.005249,0.005371,0.004654,0.004364,0.003509,0.003799,0.003967
697,0.004868,0.005188,0.005309,0.004517,0.004303,0.003616,0.003814,0.003845
698,0.004884,0.004959,0.005829,0.004472,0.004548,0.00383,0.003983,0.00412
699,0.004715,0.005279,0.005783,0.004792,0.004273,0.003784,0.004272,0.004119
700,0.004868,0.005234,0.00563,0.004685,0.004364,0.004181,0.004074,0.004348
701,0.004227,0.004608,0.005645,0.003968,0.004151,0.003372,0.003311,0.003662
702,0.004761,0.00528,0.005081,0.004456,0.004471,0.004135,0.003891,0.00447
703,0.004212,0.00438,0.004837,0.004258,0.004227,0.003403,0.003494,0.003555
704,0.004762,0.004776,0.00531,0.004197,0.004517,0.003464,0.004212,0.003754
705,0.004166,0.004837,0.005096,0.004548,0.004639,0.003845,0.003586,0.003967
706,0.004624,0.005234,0.004882,0.004502,0.004563,0.003876,0.003754,0.004165
707,0.004288,0.00473,0.004943,0.004257,0.004517,0.003738,0.003586,0.003829
708,0.003846,0.004181,0.004791,0.004181,0.003937,0.003433,0.003509,0.003677
709,0.003815,0.004288,0.004775,0.004425,0.004059,0.003555,0.003677,0.003936
710,0.004197,0.004364,0.004791,0.003724,0.003373,0.002777,0.003586,0.00357
711,0.003922,0.004471,0.004882,0.004044,0.004135,0.003525,0.003479,0.003738
712,0.003724,0.004441,0.004623,0.004029,0.00409,0.003159,0.002961,0.003647
713,0.004074,0.00412,0.004363,0.003464,0.003677,0.003097,0.003585,0.003738
714,0.003937,0.004181,0.004623,0.003846,0.0038,0.003189,0.003372,0.003387
715,0.003357,0.003799,0.004119,0.003494,0.003158,0.002731,0.002685,0.003249
716,0.003663,0.003968,0.004181,0.003816,0.003388,0.003006,0.003098,0.003388
717,0.003006,0.003509,0.003509,0.003159,0.003143,0.002807,0.002136,0.002746
718,0.003174,0.003509,0.003921,0.003067,0.003235,0.002807,0.0027,0.002975
719,0.003175,0.003708,0.003998,0.002457,0.00322,0.002777,0.00267,0.002853
720,0.003555,0.003707,0.003539,0.00325,0.003738,0.003097,0.003448,0.00299
721,0.003479,0.003723,0.00415,0.003083,0.00325,0.002777,0.003738,0.003585
722,0.003373,0.003464,0.003952,0.003175,0.003418,0.002899,0.003204,0.003052
723,0.00351,0.003632,0.004181,0.003144,0.003724,0.002747,0.003311,0.003113
724,0.003708,0.004226,0.004424,0.003723,0.003845,0.002838,0.002975,0.003722
725,0.00351,0.003616,0.004196,0.003022,0.003128,0.002975,0.00296,0.00328
726,0.003129,0.003617,0.003891,0.003403,0.003266,0.002533,0.002655,0.003036
727,0.002564,0.003403,0.003402,0.002869,0.003128,0.002518,0.00293,0.002685
728,0.003343,0.003373,0.003815,0.003175,0.003373,0.003083,0.003098,0.002914
729,0.003205,0.003647,0.003814,0.003205,0.003494,0.00235,0.002884,0.002899
730,0.002899,0.003357,0.00389,0.002915,0.002838,0.002472,0.002883,0.003005
731,0.002793,0.003159,0.00354,0.002641,0.002747,0.002518,0.002182,0.002472
732,0.00293,0.003082,0.003585,0.002884,0.00325,0.002868,0.002578,0.002838
733,0.002625,0.002548,0.003448,0.002854,0.002564,0.001999,0.002579,0.002716
734,0.002716,0.003585,0.003341,0.002548,0.002929,0.002014,0.002685,0.002715
735,0.002747,0.003586,0.003738,0.002839,0.002961,0.002335,0.00238,0.002884
736,0.002991,0.003433,0.003615,0.003067,0.003235,0.002517,0.002776,0.002837
737,0.002762,0.002899,0.003692,0.002823,0.003098,0.002594,0.003006,0.002701
738,0.002655,0.003342,0.003082,0.00293,0.002991,0.002914,0.002594,0.00328
739,0.002167,0.002823,0.00328,0.002503,0.002686,0.002396,0.002029,0.002929
740,0.002884,0.003128,0.003723,0.003113,0.00322,0.002731,0.002823,0.002853
741,0.002671,0.002793,0.002762,0.002579,0.00232,0.001953,0.002136,0.00209
742,0.002076,0.002746,0.002639,0.001816,0.002686,0.002029,0.002105,0.002365
743,0.002625,0.002945,0.003631,0.002396,0.002838,0.002838,0.002197,0.002593
744,0.002274,0.002411,0.002792,0.002228,0.001938,0.001724,0.001968,0.002059
745,0.002442,0.002472,0.003295,0.002274,0.002594,0.002136,0.002121,0.002777
746,0.002183,0.002487,0.003097,0.002549,0.00232,0.001801,0.001877,0.002197
747,0.001725,0.002274,0.002777,0.002335,0.002442,0.001908,0.001648,0.001938
748,0.002244,0.002365,0.003067,0.002061,0.002564,0.002213,0.002091,0.002685
749,0.001755,0.001922,0.002593,0.001648,0.002091,0.001388,0.001678,0.001922
750,0.001663,0.001922,0.002181,0.00145,0.002075,0.001327,0.001602,0.001724
751,0.001724,0.002136,0.002517,0.001602,0.001862,0.001541,0.001373,0.001983
752,0.001252,0.001511,0.002258,0.001603,0.001465,0.001114,0.001023,0.001663
753,0.001618,0.001419,0.002593,0.001969,0.001709,0.001877,0.001724,0.001693
754,0.001709,0.001892,0.00238,0.001633,0.001938,0.001419,0.001739,0.001601
755,0.00174,0.002564,0.002411,0.002198,0.002595,0.001435,0.002075,0.002045
756,0.001664,0.001969,0.002167,0.001923,0.00174,0.001542,0.001435,0.002106
757,0.001404,0.001983,0.002318,0.002029,0.001953,0.001587,0.001907,0.001708
758,0.002091,0.002152,0.002182,0.002381,0.002076,0.001953,0.002045,0.001938
759,0.001297,0.001632,0.001739,0.001419,0.001312,0.001556,0.00119,0.001785
760,0.001816,0.001907,0.001922,0.001389,0.001694,0.000915,0.001373,0.001708
761,0.000581,0.000778,0.001022,0.000367,0.000809,-0.000198,0.000641,0.000686
762,0.001405,0.001541,0.001678,0.000931,0.001481,0.001129,0.00174,0.001419
763,0.00087,0.001251,0.001632,0.000702,0.00116,0.001129,0.001083,0.001205
764,0.000916,0.000824,0.001495,0.000611,0.001007,0.001114,0.000854,0.001144
765,0.001175,0.000915,0.001205,0.001145,0.001282,0.000351,0.000412,0.001068
766,0.00084,0.001159,0.001388,0.001312,0.00148,0.000564,0.000702,0.001525
767,0.000703,0.000519,0.001388,0.000733,0.001221,0.00029,0.000916,0.001083
768,0.000214,0.000961,0.001068,0.000809,0.000717,0.000519,0.000549,0.000686
769,0.000107,0.000336,0.000869,0.000535,0.000504,0.000443,0.000275,0.000381
770,0.000855,0.000839,0.001723,0.000626,0.001175,0.000671,0.001235,0.001052
771,0.000413,0.00026,0.000977,0.000108,0.00023,-0.000259,0.000199,0.00061
772,0.000977,0.000335,0.000915,0.000366,0.000503,-6.1E-05,0.000564,0.00035
773,0.000214,0.000122,0.000717,0.000321,0.000153,-0.000397,3E-05,0.000213
774,0.000489,0.00029,0.000686,0.000565,0.000245,4.6E-05,0.000626,0.000473
775,0.000611,0.000137,0.000564,0.000351,0.000534,0.000107,0.000167,0.000732
776,0.000107,0.000671,0.001098,0,-0.000214,0.000549,0.00029,0.000396
777,0.000778,0.000503,0.000564,0.000183,0.000366,-0.000138,0.000228,0.000762
778,0.000443,0.000214,0.000626,0.000337,0.00026,7.7E-05,0.000305,0.000565
779,-6.1E-05,0.000381,0.00064,3.1E-05,3E-05,-0.000626,-0.000107,0.00032
780,0.000382,0.000183,0.000411,0.000183,0.000519,-0.000397,1.5E-05,0.00035
781,0.000946,0.000671,0.001312,0.00026,0.00029,0.000397,0.000107,0.00061
782,0.000718,0.000763,0.001129,0.000275,0.000107,-1.5E-05,-1.5E-05,0.000229
783,0.000199,-7.6E-05,0.000412,-0.000396,-0.000472,-0.000488,-0.000458,0.000198
784,-0.000579,-4.5E-05,0.000656,1E-06,-0.000564,-0.000351,-0.000503,-7.6E-05
785,0.000321,0.000656,0.000427,1.6E-05,0.000168,-0.000397,-0.00026,4.5E-05
786,6.1E-05,0.000381,0.000167,-0.000412,-0.000259,-0.000473,-0.00029,0.000182
787,-0.000121,-0.000046,0.000809,-3E-05,0.000199,0.00029,-0.000152,4.6E-05
788,0.000855,0.000503,0.000915,0.000427,0.000305,-0.000412,-3.1E-05,0.000732
789,-0.000366,-0.000183,-0.000275,-0.000335,-0.000183,-0.001038,-0.000427,-0.000168
790,-0.000838,-0.000808,-0.000504,-0.000427,-0.000732,-0.000824,-0.001022,-0.0009
791,0.000168,-0.000122,0.000289,-0.000167,0.000489,-0.000458,1.5E-05,-0.000214
792,-0.000351,-0.000244,4.5E-05,-0.000259,-0.00058,-0.000641,-0.000489,-0.000367
793,0.000138,-0.00029,0.000259,-0.000442,-0.00029,-0.000656,-0.000534,0.000259
794,0.000184,0,0.000595,-0.00032,-0.000305,-0.000534,-0.000259,0.000244
795,0.000337,7.7E-05,-0.00032,-0.000579,-0.000472,-0.000762,0.000183,0.000321
796,0.000306,-4.6E-05,0.000503,-0.000167,-7.6E-05,-0.000275,-0.000137,-0.00029
797,-4.6E-05,-0.000214,-0.000108,-0.000427,-0.000137,-0.000473,-0.000199,0.000304
798,0.000291,-0.000152,0.000168,-0.000366,-0.000289,-9.1E-05,-0.000351,-0.000321
799,1.5E-05,-0.000412,-9.2E-05,-0.000732,-0.000183,-0.000717,-0.000489,-0.000428
800,0,0,0,0,0,0,0,0
801,-0.000259,-0.00087,-0.000504,-0.000442,-0.000518,-0.000442,-0.000443,-0.000351
802,7.7E-05,-0.00087,0.00035,-0.000809,-4.6E-05,-0.000321,-0.000138,-0.00055
803,9.2E-05,-0.001251,-0.000336,-0.000961,-0.000747,-0.000839,-0.000732,-0.000259
804,-0.000412,-0.000855,-0.000687,-0.001114,-0.000717,-0.00116,-0.001465,-0.000519
805,1.6E-05,-0.000733,0.000121,-0.000519,-0.000351,-0.000824,-0.000428,0.000259
806,-0.00058,-0.001419,-0.000489,-0.000732,-0.001419,-0.000595,-0.000763,-0.000764
807,-0.000197,-0.00119,-0.000275,-0.001082,-0.000961,-0.000717,-0.001266,-0.000717
808,4.7E-05,-0.000839,0.000259,-0.000732,-0.000244,-0.000976,-0.00058,0.000519
809,-0.000366,-0.000259,-0.000214,-0.000564,-0.000671,-0.000824,-0.000595,-0.000122
810,1.6E-05,-0.000549,-0.000489,-0.000259,-0.000381,-0.000794,-0.000565,-0.000107
811,-0.000411,-0.001022,-0.000702,-0.00064,-0.000534,-0.000763,-0.000458,-0.000397
812,-0.00035,-0.001037,-0.000305,-0.000518,-0.000503,-0.000778,-0.000595,-0.000259
813,-0.00035,-0.001022,-0.000611,-0.000824,-0.000412,-0.000916,-0.000855,-0.000275
814,-0.000168,-0.000916,-0.000367,-0.000808,-0.000549,-0.000855,-0.000992,-0.000397
815,-0.000259,-0.000809,-0.000321,-0.000595,-0.000626,-0.000489,-0.000641,-0.000245
816,-0.000381,-0.000931,-0.000321,-0.001098,-0.000503,-0.000885,-0.000885,-0.001053
817,-0.000168,-0.001084,0.000243,-0.000641,-0.000183,-0.000626,-0.000687,-0.000504
818,-0.000121,-0.001052,-0.000717,-0.000823,-0.000289,-0.000961,-0.00122,-0.000961
819,-1.5E-05,-0.000778,-0.000321,-0.000823,-0.000854,-0.001297,-0.000855,-9.2E-05
820,-0.000671,-0.001175,-0.001023,-0.001251,-0.001159,-0.001602,-0.000976,-0.000687
821,-0.000274,-0.001541,-0.000702,-0.001098,-0.001159,-0.001312,-0.001251,-0.000473
822,-0.000197,-0.000961,-0.000839,-0.000915,-0.000747,-0.001236,-0.000931,-0.000549
823,-0.000869,-0.001297,-0.001083,-0.001052,-0.000808,-0.001648,-0.001068,-0.000916
824,-0.000442,-0.00119,-0.001145,-0.001404,-0.001358,-0.001312,-0.000855,-0.000733
825,-0.000671,-0.001831,-0.000961,-0.001266,-0.000671,-0.001556,-0.000809,-0.000855
826,-0.001037,-0.001709,-0.001038,-0.001526,-0.001205,-0.001602,-0.001572,-0.001145
827,-0.000793,-0.001388,-0.001495,-0.001311,-0.001159,-0.001724,-0.001312,-0.001282
828,-0.000671,-0.001694,-0.000779,-0.000885,-0.000915,-0.001786,-0.001557,-0.000916
829,-0.000396,-0.000824,-0.000596,-0.000702,-0.000488,-0.001557,-0.00058,-0.000474
830,-0.00032,-0.001252,-0.000947,-0.001205,-0.001099,-0.001374,-0.001053,-0.000794
831,-0.000427,-0.001297,-0.000581,-0.001099,-0.000748,-0.001358,-0.000611,-0.000703
832,-0.000458,-0.001282,-0.000474,-0.000763,-0.001724,-0.001648,-0.000992,-0.000977
833,-0.000472,-0.001373,-0.000565,-0.001693,-0.001266,-0.001358,-0.000793,-0.000915
834,9.2E-05,-0.000656,-0.000107,-0.000854,-0.000503,-0.001068,-0.00026,-0.000351
835,-0.000182,-0.000763,-0.000778,-0.000686,-0.000762,-0.000854,-0.000915,-0.00029
836,-0.000366,-0.001053,-0.00052,-0.000595,-0.000763,-0.001099,-0.001206,-0.000809
837,-4.5E-05,-0.000992,-0.000596,-0.000717,-0.000305,-0.001007,-1.6E-05,-0.000229
838,-0.000503,-0.001739,-0.001267,-0.001296,-0.00119,-0.001525,-0.001617,-0.001175
839,-0.000365,-0.000717,-0.000763,-0.000365,-0.001022,-0.001419,-0.001022,-0.000382
840,-1.4E-05,-0.001159,-0.000397,-0.000899,-0.000671,-0.000885,-0.001022,-0.000748
841,-0.000884,-0.001602,-0.001602,-0.001098,-0.001464,-0.00151,-0.001403,-0.000915
842,-0.00029,-0.001343,-0.000657,-0.001129,-0.000931,-0.001069,-0.000825,-0.00055
843,-0.000336,-0.000626,-0.000169,-0.001038,-0.000763,-0.001038,-0.000367,-0.000718
844,-0.000671,-0.001511,-0.001053,-0.001602,-0.001175,-0.001633,-0.001114,-0.000748
845,-0.000106,-0.000991,-0.00061,-0.000976,-0.000839,-0.001175,-0.000793,-0.000443
846,-0.000518,-0.000992,-0.001252,-0.000961,-0.0009,-0.000992,-0.00113,-0.000779
847,0.000245,-0.000488,-0.000366,-0.000335,-0.000305,-0.000351,-0.000793,0.000168
848,-0.000488,-0.000839,-0.000321,-0.001144,-0.000687,-0.00058,-0.000992,-0.000825
849,-0.000259,-0.001252,-0.000459,-0.000641,-0.000473,-0.000672,-0.000565,-0.000657
850,-0.000442,-0.001038,-0.000245,-0.000701,-0.000747,-0.001129,-0.000565,-0.000855
851,7.7E-05,-0.00116,-0.000382,-0.000503,-0.000931,-0.001495,-0.00058,-0.000382
852,0.000199,-0.000824,-0.000153,-0.000411,-4.5E-05,-0.000778,-0.000397,-7.6E-05
853,-0.000137,-0.000946,0.000106,-0.0009,-0.000641,-0.000641,-0.00084,-0.000107
854,0.000214,-0.000686,-0.000656,-0.000823,-0.000762,-0.001159,-0.000976,-0.000809
855,1E-06,-0.000946,-0.000122,-0.000945,-0.00064,-0.001007,-0.000748,-0.001083
856,9.2E-05,-0.00116,-0.000428,-0.000442,-0.000595,-0.000595,-0.001023,-0.000672
857,-0.000152,-0.000747,-0.000336,-0.000579,-0.000412,-0.001114,-0.000534,-0.000809
858,-0.000915,-0.001053,-0.000611,-0.000946,-0.001068,-0.001114,-0.000748,-0.000581
859,1E-06,-0.000793,-0.000214,-0.0009,-0.00093,-0.000946,-0.001251,-0.000931
860,-0.000717,-0.001511,-0.000657,-0.001236,-0.000748,-0.001053,-0.000901,-0.000809
861,-7.6E-05,-0.0009,-0.000458,-0.001022,-0.000473,-0.001068,-0.000976,-0.000946
862,0.000153,-0.00032,-0.000107,-0.000488,-0.000442,-0.000778,-0.0009,-0.001053
863,4.6E-05,-0.000366,-0.000519,-0.000595,0.000366,-0.000717,-0.000809,-0.000748
864,0.000168,-7.7E-05,-0.000108,-0.00029,-0.000153,-0.000794,-0.000718,-0.000321
865,6.1E-05,-0.000519,-0.00055,-0.000412,-0.000534,-0.001114,-0.001007,-0.000443
866,0.000611,-0.000824,-0.000351,-0.000411,-0.000289,-0.000564,-0.001129,-0.000565
867,0.000932,0.00026,0.000427,-4.5E-05,0.000519,0.000473,-6.1E-05,0.000442
868,0.000291,0.000244,-0.000138,0.000153,-0.000152,-0.000488,-9.2E-05,6.1E-05
869,-0.000534,9.2E-05,-0.00084,-0.000198,-0.000259,-0.001205,-0.0009,-0.001099
870,0.000688,-0.000274,0.00087,-1.4E-05,0.000168,-0.000152,-0.000839,-0.000381
871,0.000978,-0.000122,0.000183,-0.000335,3.1E-05,-0.000762,-0.000641,0.000351
872,0.000794,0.00026,0.000107,0.000199,-0.00064,-0.001083,-0.000366,-0.000794
873,-0.000472,-0.000992,-0.000626,-0.000503,-0.000992,-0.000702,-0.001328,-0.001526
874,0.000886,-0.000275,-9.2E-05,-0.000442,0.000122,-0.000107,-0.000488,-0.001267
875,0.000504,-0.000106,-0.000351,-3E-05,0.000458,-0.001083,-0.000412,-0.000382
876,-7.6E-05,-0.000351,-0.000489,-0.000213,-0.000732,-0.001175,-0.00061,-0.001007
877,0.001252,0.000733,0.000381,0.000352,0.000611,0.000336,0.000366,0.000412
878,0.00145,-0.000519,-9.2E-05,-0.000289,-0.000106,0.000672,-0.000168,-0.000702
879,0.000718,0.00058,0.000595,0.000733,4.6E-05,-0.000625,-0.000259,0.000168
880,7.7E-05,-7.6E-05,-0.000306,-0.000931,-0.000244,-0.000733,-0.001603,-0.001099
881,0.000855,0.000397,0.000565,0.000688,0.000931,-0.000534,-0.000183,-0.000229
882,0.00055,-0.001068,0.001098,0.00055,0.000306,-0.000595,-0.000473,-0.000366
883,-0.000106,0.000473,0.000427,0.000839,-0.000656,-0.000107,-0.00116,-0.000168
884,0.001831,0.000518,0.001571,0.001068,0.000748,0.000457,0.000183,0.000854
885,0.000611,-0.000183,0.00119,0.000138,0.000397,0.000748,7.6E-05,-0.000351
886,0.000215,-0.000366,0.000595,-0.000121,0.000046,0.000397,-0.000763,-0.00058
887,0.00142,0.002945,0.001937,0.001221,0.002228,0.0009,0.000717,0.000244
888,-0.000534,-0.00087,0.000121,-0.000397,-0.00026,-0.001603,-0.002411,-0.001664
889,0.000108,-0.000534,0.000732,4.7E-05,-0.000198,-1.5E-05,-0.000671,0.000153
890,-0.000473,0.00061,0.001113,0.000641,-0.001663,0.000137,0.001037,0.000579
891,-0.00061,0.000794,0.000336,-0.000991,-0.001037,-0.000396,-0.000488,0.000214
892,0.002457,0.002456,0.003142,0.002838,0.004242,0.002059,0.001754,0.001388
893,0.001725,-0.000687,0.001663,0.000886,0.001328,0.002075,0.000671,0.001037
894,0.001099,0.00148,0.002182,0.000641,0.000153,0.000534,0.000503,0.001037
895,0.002,6.1E-05,0.000869,0.001465,0.002457,0.001862,0.000275,0.000656
896,0.002915,0.000458,0.002517,0.001054,0.002244,0.001908,0.00177,0.001022
897,0.001756,-3E-05,0.002853,0.002427,0.001237,0.001664,0.00235,0.002274
898,-0.000854,0.000778,-0.00029,0.000123,0.001252,0.000153,-0.000275,7.6E-05
899,0.00148,0.000564,0.001098,0.003235,0.000244,0.000488,0.001113,0.002334
900,0.001023,0.002106,0.001312,-0.000564,0.002396,0.000702,0.001373,0.001724
